Page,Pageviews,Avg. Time on Page
/blog/refactoring-react-components-to-es6-classes,"5,418",0:06:49
/blog/docker-for-php-developers,"4,771",0:07:24
/blog/nicer-navigation-with-css-transitions-part-2,"3,919",0:04:17
/blog/jquery-calendar-with-ajax-api,"3,904",0:04:39
/work,"3,629",0:01:01
/blog/browser-rest-http-accept-headers,"3,189",0:05:43
/blog/website-design-request-for-proposal-template-tips,"3,091",0:05:10
/blog/undefined,"2,832",0:00:05
/,"2,784",0:02:16
/blog/web-design-development-trends-youll-see-in-2015,"2,750",0:03:26
/blog/resources-for-font-pairing-typography-inspiration,"2,224",0:04:26
/blog/essential-sketch-plugins-for-web-design,"2,190",0:04:36
/blog/examples-of-animation-in-web-design,"2,170",0:03:45
/blog/responsive-site-header,"1,935",0:04:52
/blog/a-jquery-plugin-to-create-an-interactive-filterable-portfolio-like-ours,"1,508",0:01:52
/about,"1,375",0:00:49
/blog/10-common-mistakes-non-profit-organizations-make-with-facebook-pages,"1,361",0:05:51
/page/install-pear-phpunit-xdebug-on-macosx-snow-leopard,"1,349",0:07:20
/services,"1,249",0:00:34
/blog/nicer-navigation-with-css-transitions,"1,230",0:02:34
/blog/switching-to-sketch-for-your-project,"1,167",0:04:02
/page/seo-vs-ppc---which-provides-you-the-better-value,"1,114",0:05:48
/page/create-a-jquery-calendar-with-ajax-php-and-a-remote-data-source,"1,112",0:03:35
/blog/jphotogrid,"1,091",0:01:53
/blog/10-common-mistakes-political-campaigns-make-with-facebook-pages,"1,024",0:05:12
/blog/a-jquery-plugin-for-zoomable-interactive-maps,986,0:02:20
/blog/google-analytics-ab-split-test-tutorial,951,0:04:41
/blog/how-to-use-json-apis-with-jquery,867,0:04:43
/page/using-social-media-in-political-campaigns,809,0:04:55
/blog/lazyytjs-a-jquery-plugin-to-lazy-load-youtube-videos,783,0:04:20
/blog,782,0:00:37
/blog/writing-effective-meta-descriptions,769,0:05:08
/blog/manipulating-state-in-react,761,0:03:20
/blog/a-jquery-flickr-feed-plugin,731,0:06:22
/services/political-website-design,721,0:01:44
/contact,606,0:01:05
/blog/review-of-craft-cms-tips-to-get-started,558,0:03:33
/page/10-ways-to-easily-improve-your-website-using-embed-codes,534,0:05:09
/page/undefined,493,0:00:01
/blog/jcaption-a-jquery-plugin-for-simple-image-captions,487,0:03:31
/labs,476,0:01:08
/blog/Automatic-file-minification-on-nginx,475,0:05:57
/blog/react-bubble-events,454,0:03:30
/blog/adding-ambient-video-backgrounds,441,0:03:21
/blog/gmail-customization-tips,441,0:04:33
/blog/add-text-to-an-image-with-php,423,0:06:54
/blog/html-forms-the-right-ways,383,0:09:33
/blog/javascript-templates-and-how-we-use-them-in-hifi,378,0:07:04
/blog/the-difference-between-apps-and-mobile-websites,360,0:04:43
/blog/features-of-best-law-firm-websites,352,0:03:35
/services/non-profit-web-design,346,0:02:08
/blog/diagnosing-dns-problems,340,0:06:06
/blog/best-practices-for-splash-pages,334,0:05:39
/blog/10-common-mistakes-law-firms-make-with-facebook-pages,322,0:06:08
/work/fleet-feet-sports-e-commerce,321,0:01:14
/blog/edit-the-default-artboard-presets-in-sketch-3,310,0:03:56
/blog/an-interview-with-the-founder-of-slim-php-framework-our-josh-lockhart,289,0:04:29
/blog/three-ways-to-target-mobile-devices,288,0:05:00
/blog/install-drush-for-drupal-7,276,0:04:21
/blog/feature-slider-with-graphic-overlay,274,0:03:49
/files/posts/jphotogrid/example.html,265,0:02:03
/blog/building-an-indeed-job-search-page-on-your-site,244,0:05:39
/blog/we-have-moved-to-a-new-office,234,0:05:39
/page/product-filtering-wizard-in-magento,232,0:03:31
/work/the-rhodes-scholarships,228,0:00:27
/blog/using-the-ladder-of-engagement,226,0:03:22
/jobs/front-end-developer,225,0:03:26
/blog/tryon-palace-jquery-interactive-map,214,0:03:43
/services/agency-partnership-program,209,0:01:52
/blog/examples-of-great-non-profit-web-design,207,0:02:35
/blog/10-ways-to-market-your-non-profit-online,203,0:06:04
/blog/portable-development-environments-with-vagrant,192,0:06:46
/work/boeing-beyond-earth,181,0:00:44
/blog/easy-ways-to-improve-google-analytics,176,0:05:57
/blog/using-pushstate-for-browser-and-seo-friendly-websites,154,0:04:57
/page/how-to-create-a-blog-with-recess-framework-part1,141,0:05:30
/page/the-8-minimum-requirements-for-seo-features-in-a-cms,140,0:09:42
/blog/interview-with-haw-river-ales-brewery,138,0:01:39
/portfolio,137,0:04:37
/page/keeping-a-positive-tone-in-emails,136,0:03:18
/blog/using-drupal-as-framework-to-build-custom-application,133,0:03:17
/page/the-hofmeister-kink-a-lasting-bmw-design-detail,131,0:04:02
/blog/jquery-vs-flash-for-interactive-map,126,0:02:20
/blog/konami-code-jquery-plugin-pointlessly-easy,126,0:02:15
/page/salvation-army-of-wake-county,121,0:01:34
/blog/google-mobile-friendly-update,120,0:03:05
/services/website-development,113,0:00:41
/blog/a-beautiful-jquery-github-widget,112,0:03:32
/page/how-to-optimize-an-image-for-your-website,112,0:01:56
/work/sdg-strategic-decisions-group,108,0:01:06
/blog?page=2,100,0:00:51
/blog/a-content-checklist-for-your-non-profits-website-communications,100,0:06:15
/page/a-few-words-that-can-make-or-break-your-seo,95,0:01:41
/work/ken-biberaj-for-city-council,95,0:01:11
/jobs/interactive-project-manager,90,0:03:22
/work/duke-global-health-institute,88,0:01:41
/blog/hifi-sitemap-creator,86,0:01:39
/page/php-namespaces-backslash-example,85,0:05:49
/about/team/ashley-bennett,84,0:00:54
/blog/tutorial-a-horizontal-jquery-accordion-using-custom-event-binding,84,0:02:40
/about/team/claire-atwell,83,0:01:23
/work/unc-dining-services,80,0:00:53
/blog/7-easy-changes-to-improve-the-performance-of-a-wordpress-site,78,0:00:56
/work/pacify,76,0:00:36
/page/using-linkedin-to-market-your-company,73,0:02:56
/work/mark-herring,72,0:00:57
/about/team/josh-lockhart,70,0:01:18
/about/team/clay-schossow,68,0:01:55
/blog/simple-single-level-mobile-nav,66,0:06:04
/page/map-and-reduce-implemented-in-php,64,0:05:09
/blog/non-profit-online-fundraising-strategies-from-npr,63,0:04:58
/page/tharrington-smith,62,0:01:55
/blog/nmcdropdown,61,0:00:30
/blog/easy-menus-with-nmcdropdown,60,0:02:56
/work/andy-beshear-for-attorney-general,60,0:01:12
/work/leticia-van-de-putte-for-mayor,60,0:01:07
/blog/paradigms-of-iteration-in-javascript,59,0:09:51
/page/search-microsoft-bing-with-xml-and-json-apis,59,0:03:42
/blog/our-optimal-expressionengine-install,58,0:03:48
/about/team/joel-sutherland,57,0:00:34
/blog/adding-salsa-signup-forms-to-your-website,56,0:01:57
/blog/how-to-produce-xhtml-10-strict-markup-with-tinymce,56,0:05:21
/services/design,56,0:01:25
/work/ann-callis,56,0:01:02
/work/mary-ann-baldwin,56,0:00:56
/about/team/kris-jordan,53,0:03:23
/blog/high-5-conference-effective-content-marketing,53,0:02:40
/services/law-firm-web-design,53,0:01:34
/about/team/todd-synan,52,0:02:32
/blog?page=3,51,0:00:21
/blog/creative-south-2015,51,0:01:21
/page/from-print-to-the-web-a-designers-guide,51,0:03:32
/page/your-online-marketing-campaign-needs-a-coordinated-message,51,0:00:27
/blog/useful-bookmarklets-for-web-development,49,0:01:32
/page/how-to-create-a-blog-with-recess-php-framework-part2,49,0:01:27
/work/scott-peters-for-congress,49,0:01:41
/blog/autosprites-jquery-menu-plugin,48,0:00:30
/contact/thank-you,47,0:01:58
/blog/docker-for-php-developers?imm_mid=0d2ed2&cmp=em-web-na-na-newsltr_20150603,46,0:06:25
/blog/google-analytics-email-reports,45,0:09:44
/work/heather-mizeur,45,0:01:20
/work/johnston-unc-health-care,44,0:00:29
/jobs/full-stack-developer,43,0:01:25
/nmc,43,0:02:28
/page/salvation-army-calendar-with-jquery-and-thickbox,43,0:03:01
/work/florida-democratic-party,43,0:00:41
/work/milkmade-ice-cream,43,0:01:26
/blog/a-boilerplate-for-css-typography,42,0:01:47
/page/the-morehead-cain-scholars-program,42,0:03:15
/work/ward-and-smith-attorneys-at-law,42,0:01:58
/blog/writing-effective-title-tags,41,0:03:25
/page/simple-design-is-complex,41,0:08:07
/page/amazon-shuts-down-north-carolina-associates-program,40,0:00:06
/page/image-resizing-smarty,40,0:13:31
/about/team/chesley-kalnen,38,0:01:14
/blog/web-design-development-trends-youll-see-in-2015?cache=off,38,0:07:29
/blog/jquery-date-range-options-plugin,37,0:05:55
/page/important-aspects-of-good-web-design,37,0:04:05
/page/important-criteria-for-choosing-a-web-design-firm,37,0:01:10
/work/align-global-consulting,37,0:01:45
/blog?page=4,36,0:00:19
/blog/scraping-geocoding-mapping-government-data,36,0:04:25
/services/content-management-systems/drupal-website-design,36,0:01:42
/work/raleigh-economic-development,36,0:00:18
/about/team/shannon-thomann,35,0:00:50
/page/seo-and-political-campaigns-done-right-requires-planning,34,0:03:03
/blog/hacker-news-mobile-frontend,33,0:04:19
/page/top-5-improvements-of-espncom-redesign,33,0:05:42
/work/protect-americas-children,33,0:01:16
/about/team/lenny-terenzi,32,0:01:05
/blog/keeping-a-deep-bench,32,0:01:06
/blog/why-a-mobile-friendly-website-is-important-for-non-profits,32,0:00:54
/undefined,32,0:00:01
/work/cheri-bustos-for-congress,32,0:01:29
/blog/sticking-to-your-palette-regardless-of-opacity,31,0:00:55
/blog/first-we-built-an-api-then-we-built-a-cms,30,0:02:19
/blog/time-saving-tips-for-drupal-website-buildouts,30,0:04:35
/blog/whats-new-in-sketch-31,30,0:02:31
/files/images/nicer-navigation-with-css-transitions/demo.html,30,0:01:41
/services/online-marketing,30,0:00:34
/work/ralston-lapp-media,30,0:01:01
/work/three-ships-media,30,0:00:33
/blog/salvation-army-calendar-with-jquery-and-thickbox,29,0:05:32
/categories/development,28,0:01:03
/page/how-to-make-your-office-intern-friendly-,28,0:18:26
/services/b2b-website-design,28,0:00:37
/work/jenne-ayers,28,0:01:08
/work/joe-donnelly-for-us-senate,28,0:01:33
/about/team/alex-pomer,27,0:00:26
/about/team/henry-bley-vroman,27,0:00:59
/blog/josh-lockharts-modern-php-book-is-here,27,0:00:33
/categories/marketing,27,0:00:13
/home/gallery,27,0:00:18
/page/google-adwords-tips-improve-your-results-in-3-steps,27,0:05:31
/blog/can-a-new-website-improve-your-google-content-quality-score,26,0:02:56
/page/ravenstahl-for-mayor,26,0:02:38
/work/duke-molecular-physiology-institute,26,0:00:38
/blog/effective-social-media-strategies,25,0:06:41
/blog/the-value-of-a-blog-for-a-law-firm,25,0:03:23
/page/wufoos-customer-service,25,0:03:26
/work/kevin-strouse,25,0:00:15
/work/pete-gallego-for-congress,25,0:01:42
/work/second-harvest-madison,25,0:01:03
/work/secu-family-house,25,0:00:49
/blog?page=5,24,0:01:18
/blog/what-is-inbound-marketing,24,0:08:40
/page/single-line-vs-multi-line-css-a-tool-to-end-the-debate,24,0:00:27
/work/omni-rubber,24,0:00:42
/about/alumni/nathan-huening,23,0:02:02
/blog/a-jquery-plugin-for-custom-css-styled-retweet-buttons,23,0:02:48
/categories/design,23,0:00:18
/page/building-successful-political-campaign-websites,23,0:00:20
/blog/congressional-campaign-website-designs-for-the-2014-cycle,22,0:03:03
/work/house-majority-pac,22,0:00:32
/work/running-lane,22,0:02:07
/about/team/patrick-clarke,21,0:00:49
/shots/2161186-Front-End-Developer,21,0:04:14
/work/american-camp-association-new-england,21,0:00:25
/work/carmona-for-arizona,21,0:00:19
/work/smart-grid-consumer-collaborative,21,0:01:00
/blog/bootstrap-drupal-7,20,0:03:15
/home/aboutus,20,0:00:17
/page/raleigh-area-creative-agencies-are-thriving,20,0:01:20
/work/batten-lee,20,0:01:53
/work/planet-aid,20,0:00:53
/work/the-american-association-of-netherlandic-studies,20,0:00:25
/work/town-of-apex,20,0:00:42
/blog/image-formats-for-the-web,19,0:02:30
/html5-css-jquery-site-slideshow,19,0:00:51
/page/example-of-landing-page-design,19,0:00:27
/page/get-rich-quick-schemes-never-work---not-even-for-seo,19,0:02:32
/work/fastmed,19,0:01:01
/work/jon-cardin-for-attorney-general,19,0:00:56
/page/inbound-marketing-examples,18,0:13:16
/services/economic-development-web-site-design,18,0:00:37
/work/advanced-medical-technologies-at-nc-state,18,0:02:00
/work/medlio,18,0:01:44
/work/tryon-palace,18,0:01:02
/blog/authorizenet-event-registration,17,0:01:48
/blog/css-sprites2-refactored-building-an-unobtrusive-jquery-plugin,17,0:06:42
/blog/typography-with-text-shadows,17,0:02:19
/files/posts/jcaption/index.html,17,0:06:45
/page/get-remote,17,0:02:01
/page/how-to-build-a-list-gather-data-early-and-often,17,0:00:07
/page/vote-the-site,17,0:01:18
/blog/css-folded-ribbon,16,0:00:53
/blog/local-seo-tips-for-businesses,16,0:02:37
/categories/front-end,16,0:02:42
/services/custom-app-development,16,0:01:08
/work/duke-nicholas-institute,16,0:00:14
/work/hutchison,16,0:00:55
/work/john-rex-endowment,16,0:02:07
/work/leadership-for-a-better-america,16,0:00:24
/work/research-triangle-region,16,0:00:19
/blog/accept-campaign-donations-with-the-ngp-contribution-api,15,0:00:42
/blog/hifi-growth-statistics-revealed,15,0:00:21
/files/posts/autosprites/index.html,15,0:07:11
/page/consumers-trust-search-engines-more-than-traditional-media,15,0:02:48
/page/how-trent-reznors-new-media-tips-for-musicians-apply-to-your-organization,15,0:00:39
/page/nc-marine-science,15,0:00:48
/shots/1990353-Grid-Homepage-Feature,15,0:05:25
/work/appcnc,15,0:00:39
/work/big-chef-little-chef,15,0:00:23
/work/children-s-mental-health-network,15,0:01:27
/work/whitmeyer-law-firm,15,0:00:23
/blog/how-a-non-profit-should-choose-a-cms,14,0:01:13
/files/media/10-ways-to-easily-improve-your-website-using-embed-codes/bill medley & jennifer warnes - i've had the time of my life.mp3,14,0:00:06
/page/raleigh-economic-development,14,0:06:47
/page/webkit-team-admits-accept-header-error,14,0:00:51
/work/b4u-drink,14,0:00:36
/work/pete-for-south-bend,14,0:00:20
/work/val-arkoosh,14,0:01:59
/about/team/niki-litts,13,0:00:30
/blog?page=6,13,0:00:14
/blog?page=7,13,0:00:21
/blog/my-go-to-javascript-jquery-plugins,13,0:01:09
/blog/regular-expression-tutorial,13,0:10:35
/categories/interview,13,0:00:03
/page/how-to-create-a-blog-with-recess-php-framework-part3,13,0:00:00
/page/political-web-design-trends-2008,13,0:03:13
/work/mack-sumner,13,0:01:59
/work/oxco,13,0:00:11
/work/shac,13,0:01:16
/blog/4-tips-for-getting-started-with-title-tags,12,0:02:05
/blog/helping-medlio-app-get-off-to-an-exciting-start,12,0:00:32
/blog/marketing-agencies-and-web-design-firms,12,0:11:35
/blog/matching-development-production-environments,12,0:01:19
/blog/non-profit-employee-social-media-strategy,12,0:00:45
/blog/our-free-north-carolina-press-release-distribution-site-at-2-and-a-half-years-old,12,0:09:54
/blog/the-value-of-an-effective-email-newsletter,12,0:00:00
/blog/using-infographics-with-online-political-campaigns,12,0:00:13
/jobs,12,0:02:00
/page/jquery-content-expansion-give-your-code-more-breathing-room,12,0:00:08
/page/walter-boasso,12,0:02:56
/services/mobile-development,12,0:01:54
/work/alice-bordsen,12,0:00:36
/work/armstrong-mcguire,12,0:00:20
/work/windsor-circle,12,0:00:46
/blog/blogging-for-seo-keyword-research,11,0:04:07
/blog/dns-fundamentals,11,0:06:00
/blog/docker-for-php-developers?cache=off,11,0:05:25
/blog/docker-for-php-developers?imm_mid=0d2ed2,11,0:00:00
/blog/hosted-cms-coffeescript-support,11,0:04:07
/blog/should-i-upgrade-to-universal-analytics,11,0:00:00
/blog/use-salsa-labs-supporter-api-with-php-and-curl,11,0:10:52
/home/contactus,11,0:00:15
/page/connect-the-dots-between-your-online-and-offline-marketing,11,0:04:41
/page/developing-a-custom-design-for-hubspot-cms,11,0:03:04
/page/gmails-new-default-theme-is-a-step-backwards-for-usability,11,0:00:00
/page/new-google-tool-gives-competitive-keywords-based-on-site-content,11,0:00:08
/shots/1907888-Young-At-Heart-Website,11,0:02:41
/work/durham-habitat-for-humanity,11,0:00:17
/work/national-model-railroad-association,11,0:07:16
/work/st-clair-eda,11,0:00:36
/about/news/nmc-designs-congressional-campaign-website-for-paul-hirschbiel,10,0:00:35
/about/team/pascale-georges,10,0:01:27
/blog/buildings-sites-listing-tool,10,0:00:37
/blog/visualizing-most-popular-running-routes-in-chapel-hill-durham-and-raleigh,10,0:00:14
/categories/marketing?page=2,10,0:00:15
/page/an-image-optimization-experimentation,10,0:00:04
/page/important-considerations-to-make-a-successful-political-blog,10,0:00:11
/page/innovative-online-political-marketing,10,0:00:43
/page/why-checking-in-to-geotagging-services-is-most-important-for-small-businesses,10,0:20:18
/work/brunswick-county-economic-development-commission,10,0:01:52
/{http:/blog.intercom.io/why-cards-are-the-future-of-the-web/},9,0:01:17
/{http:/www.tryonpalace.org/map/interactive},9,0:08:56
/blog/convincing-client-to-stand-out,9,0:01:56
/blog/creating-the-perfect-legal-website-bio-page,9,0:00:21
/blog/drupal-puppet-module,9,0:00:40
/blog/Eight-Very-Important-Content-Management-System-Features,9,0:01:18
/blog/moore-alive-website-wins-destination-marketing-association-award,9,0:00:36
/blog/moore-county-alive,9,0:07:33
/categories/project-management,9,0:00:15
/hiring-front-end-developer,9,0:00:00
/home/events,9,0:00:05
/page/app-with-a-list-of-checkboxes-skip-repeated-clicks-with-jquery-quickcheck,9,0:00:00
/page/big-ad-agency-websites-continue-to-get-worse,9,0:00:00
/page/ecu-economic-development,9,0:00:51
/page/Horizontal jQuery Accordion,9,0:00:28
/services/non-profit-web-design/thank-you-for-reaching-out,9,0:00:14
/services/political-website-design/thank-you-for-reaching-out,9,0:01:23
/shots/1906383-Fleet-Feet-Homepage-Mockup-v1,9,0:03:44
/shots/2113853-Homepage-Concept,9,0:01:14
/work/ariana-kelly,9,0:00:24
/work/hy-tech-roof-drains-ecommerce-site,9,0:00:21
/work/phillips-ambassadors,9,0:00:25
/work/sacred-heart,9,0:00:14
/work/tim-ryan-for-congress,9,0:00:24
/blog/interview-with-tindie-founder-emile-petrone,8,0:00:00
/blog/keyword-data-not-provided-what-it-means-for-your-sites-analytics-and-seo,8,0:00:31
/blog/managing-twitter-for-non-profits,8,0:03:51
/blog/nmc-2014-in-review,8,0:01:52
/categories/news,8,0:00:09
/categories/press-releases,8,0:00:30
/page/ad-agencies-build-infrastructure-to-shift-traditional-marketing-dollars-online,8,0:00:00
/page/leveraging-mobile-technology-in-politics1,8,0:06:51
/page/ngp-donations,8,0:00:26
/page/political-registration-landing-pages,8,0:03:33
/page/volt-energy,8,0:00:15
/portfolio/paul-hirschbiel-for-congress,8,0:03:59
/shots/2051497-Data-Dashboard,8,0:00:54
/work/american-school-bus-council,8,0:01:02
/work/emerald-cities-collaborative,8,0:00:31
/work/franklin-county,8,0:00:12
/work/netsertive,8,0:01:41
/work/pepper-pike,8,0:00:34
/work/sampson-county-economic-development-commission,8,0:00:49
/work/unc-energy-services,8,0:00:27
/blog/a-beautiful-proposal-makes-a-great-first-impression,7,0:00:00
/blog/blogging-for-seo-keyword-targeting,7,0:00:23
/blog/features-of-best-law-firm-websites?cache=off,7,0:00:31
/blog/jquery-calendar-with-ajax-api?cache=off,7,0:12:31
/blog/managing-your-social-media-through-tweetdeck,7,0:00:00
/blog/the-magic-of-a-one-day-conference,7,0:00:18
/blog/tutorial-a-jquery-slideshow-for-a-good-cause,7,0:02:44
/jobs/designer,7,0:00:33
/page/5-questions-to-ask-when-choosing-a-web-design-firm,7,0:02:56
/page/lower-cpc-and-better-google-ad-positioning-the-key-is-in-the-quality-score,7,0:00:00
/page/most-important-online-political-event-in-2008-poll,7,0:00:03
/page/why-a-microsite-can-help-market-your-company,7,0:00:00
/page/xbs-global,7,0:07:12
/services/content-management-systems,7,0:00:16
/shots/1910982-Jr-Designer,7,0:00:20
/work/center-for-couples-and-families,7,0:01:31
/work/north-carolina-community-foundation,7,0:01:09
/blog?page=10,6,0:02:27
/blog?page=8,6,0:00:08
/blog?page=9,6,0:00:28
/blog/circles-conference-2014,6,0:05:41
/blog/creative-south-2014,6,0:00:41
/blog/nicer-navigation-with-css-transitions-part-1,6,0:04:00
/blog/nmcformhelper,6,0:02:54
/categories/marketing?page=3,6,0:00:06
/demo/lazyyt,6,0:00:07
/home/support,6,0:00:13
/page/3-rules-of-business-derived-from-two-frozen-credit-cards,6,0:00:00
/page/marketing-an-online-political-campaign,6,0:03:30
/page/recoverygovs-javascript-timeline-graduated-from-mit,6,0:01:11
/page/the-throw-away-computer-virtualization,6,0:00:55
/page/using-twitter-search-for-your-business,6,0:00:59
/shots/1518505-Scott-Peters-for-Congress,6,0:00:05
/shots/1990353-Grid-Homepage-Feature?list=searches&offset=331?list=searches&tag=consulting,6,0:00:00
/shots/2102733-Pinwheel,6,0:00:13
/work/arts-academy-of-estrella-mountain,6,0:00:17
/work/bioagilytix,6,0:00:13
/work/estrogel,6,0:00:14
/work/harvell-collins,6,0:00:15
/blog/building-a-mobile-site-with-clever-navigation,5,0:00:00
/blog/civicaide,5,0:00:00
/blog/fleet-feets-online-marketing-initiatives,5,0:00:00
/blog/hiding-restricted-content-in-wordpress-and-hifi,5,0:00:00
/blog/sprockethouse-joins-nmc,5,0:09:30
/blog/Why-Minify,5,0:10:58
/home/museum,5,0:00:16
/page/basics-of-search-engine-optimization,5,0:00:00
/page/conectiv-energy,5,0:00:10
/page/content-management-system,5,0:00:02
/page/earth-to-mcdonaldscom-its-2009,5,0:00:15
/page/every-company-should-be-in-the-publishing-business,5,0:12:26
/page/josh-mandel,5,0:00:00
/page/judge-an-ad-agencys-website-on-content-not-creative,5,0:00:23
/page/mustaches-for-kids-charlotte,5,0:00:13
/page/one-week-into-a-small-teams-first-scrum-sprint,5,0:00:00
/page/story-house-productions,5,0:00:14
/page/third-floor-productions,5,0:00:52
/page/united-way-of-pitt-county,5,0:00:19
/shots/1553239-Pacify,5,0:00:00
/shots/1803731-The-Cutest-Homepage-You-ll-Ever-See,5,0:00:05
/work/security-self-storage,5,0:00:10
/work/tharrington-smith,5,0:00:23
/work/town-of-hertford,5,0:00:33
/blog?page=11,4,0:00:23
/blog/maximizing-optimizing-non-profit-donation-page,4,0:00:16
/blog/webkit-team-admits-accept-header-error,4,0:00:00
/blog/welcome-to-the-new-nmc,4,0:07:20
/home/schools,4,0:00:15
/page/blogging-for-business-part-1-preparing-to-start-a-business-blog,4,0:00:04
/page/good-web-design-in-b2b-online-marketing,4,0:24:50
/page/how-to-promote-your-blog-posts,4,0:00:00
/page/nc-literary-festival,4,0:00:13
/page/obamas-peaceful-transition-of-power-from-php-to-asp,4,0:00:00
/page/optimizing-adwords-search-and-content-keywords-two-different-mindsets,4,0:01:10
/page/phillips-ambassadors,4,0:00:15
/page/political-online-advertising-strategies-near-election-day,4,0:00:00
/page/save-our-little-village,4,0:00:14
/page/what-makes-a-good-non-profit-website-design,4,0:00:00
/page/why-less-is-better-than-more,4,0:00:00
/portfolio/nc-bowd,4,0:02:13
/portfolio/trust-in-the-cloud,4,0:00:00
/services/web-site-design,4,0:00:13
/shots/1903632-Fleet-Feet-Wireframe-v2,4,0:00:04
/shots/1998120-Stats-Sharing-Page,4,0:00:05
/work/ciao-italia,4,0:00:08
/about/in-the-press/10-advance-jquery-scripts-to-take-your-website-to-the-next-level,3,0:08:09
/about/news/nmc-launches-website-for-complex-care-solutions,3,0:06:24
/about/press,3,0:00:00
/blog?page=12,3,0:00:11
/blog?page=13,3,0:00:17
/blog?page=14,3,0:00:39
/blog?page=15,3,0:00:12
/blog?page=17,3,0:00:34
/blog/10-common-mistakes-law-firms-make-with-facebook-pages?cache=off,3,0:00:00
/blog/10-common-mistakes-political-campaigns-make-with-facebook-pages?sa=X&ved=0CCcQ9QEwB2oVChMIkpvXsqCAxwIVBI8sCh3LJgF1,3,0:00:17
/blog/building-great-landing-pages,3,0:00:23
/blog/docker-for-php-developers?hootPostID=955f85ca0101b8add0bad147713aabad,3,0:00:00
/blog/examples-of-animation-in-web,3,0:01:42
/blog/find-free-images-for-your-blog,3,0:00:03
/blog/speaking-on-social-media-and-politics-at-new-hampshire-institute-of-politics,3,0:07:04
/categories/development?page=2,3,0:00:15
/categories/marketing?page=5,3,0:00:46
/categories/new-media-campaigns,3,0:00:04
/categories/sketch,3,0:00:15
/clean.php,3,0:00:27
/home/relatedlinks,3,0:00:06
/legacy/posts/multi-check/demo.html,3,0:00:00
/mora/del.html,3,0:04:41
/page/ad-agencies-need-programming-partners,3,0:00:11
/page/espn-launches-a-blog-network,3,0:00:00
/page/facebook.com,3,0:00:02
/page/google-sees-continued-strength-in-online-political-ad-spending,3,0:00:00
/page/hifi-rainbows,3,0:07:47
/page/integrating-event-marketing-and-social-media,3,0:00:00
/page/joe-simitian,3,0:00:00
/page/launching-a-political-campaign-website-in-just-one-week,3,0:01:24
/page/more-than-doodles-how-notebooking-leads-to-great-ideas,3,0:00:00
/page/north-carolina-association-of-volunteer-administration,3,0:00:28
/page/north-carolina-beer-and-wine-wholesalers-association1,3,0:00:04
/page/put-a-face-to-online-fundraising,3,0:00:46
/page/textmate-single-line-css,3,0:00:00
/page/using-new-technologies-in-politics,3,0:00:00
/page/using-yammer-to-communicate-within-our-company,3,0:00:00
/page/wake-county-economic-development,3,0:10:43
/page/websites-are-wild-beasts-a-wranglers-guide,3,0:00:00
/page/write-mini-plugins,3,0:00:18
/page/writing-your-business-blog-posts,3,0:00:27
/portfolio/betty-sutton-for-congress,3,0:00:14
/search?q=cache:fydSE0bVcfIJ:www.newmediacampaigns.com/page/seo-vs-ppc---which-provides-you-the-better-value+&cd=3&hl=en&ct=clnk&gl=us&client=firefox,3,0:00:00
/shots/1803731-The-Cutest-Homepage-You-ll-Ever-See?list=searches,3,0:01:37
/shots/1903612-Fleet-Feet-Wireframe-v1,3,0:02:34
/shots/1906383-Fleet-Feet-Homepage-Mockup-v1?list=users,3,0:00:06
/shots/1906383-Fleet-Feet-Homepage-Mockup-v1/attachments/325847,3,0:03:28
/shots/1990353-Grid-Homepage-Feature?list=searches&tag=new_feature,3,0:11:56
/shots/2041446-SGCC-Infographic,3,0:00:00
/shots/2097697-Layout-UI-Kit,3,0:00:09
/shots/2097697-Layout-UI-Kit?list=users&offset=4,3,0:00:04
/work/benenson-strategy-group,3,0:00:04
/.../examples-of-animation-in-web-design,2,0:00:44
/about/in-the-press/create-zoomable--interactive-maps-with-jquery,2,0:00:24
/about/news/nmc-creates-website-for-new-yorks-gop,2,0:00:37
/about/news/nmc-designs-new-site-for-the-american-association-for-netherlandic-studies,2,0:00:20
/about/news/nmc-launches-site-for-the-american-school-bus-council,2,0:00:40
/about/news/nmc-launches-website-for-balega-socks,2,0:00:00
/blog?page=16,2,0:00:12
/blog?page=18,2,0:00:10
/blog?page=19,2,0:00:23
/blog?page=20,2,0:00:29
/blog?page=21,2,0:00:14
/blog/!,2,0:00:01
/blog/10-common-mistakes-political-campaigns,2,0:00:20
/blog/10-common-mistakes-political-campaigns-make-with-facebook-pages?cache=off,2,0:00:00
/blog/2012-election-site-roundup,2,0:00:00
/blog/7-easy-changes-to-improve-the-performance-of-a-wordpress-site?cache=off,2,0:00:00
/blog/analyzing-who-olympians-follow-on-twitter,2,0:01:54
/blog/blog-post-seo-checklist,2,0:00:00
/blog/extending-the-life-of-your-content,2,0:00:10
/blog/free-online-tools-to-quickly-test-your-website,2,0:00:35
/blog/friend-the-vote-com-a-tool-to-encourage-voting-this-election-through-facebook,2,0:00:00
/blog/launch-of-hifi-cms,2,0:00:10
/blog/lessons-to-learn-from-the-healthcare-dot-gov-website-launch,2,0:00:00
/blog/marketing-internship,2,0:00:21
/blog/spare-time,2,0:00:29
/blog/switching-to-sketch-for-your-project?cache=off,2,0:07:17
/blog/the-affordable-care-acts-online-marketing-tactics,2,0:03:50
/blog/the-second-screen-amplify-traditional-media-with-digital,2,0:00:00
/blog/web-page-loading-timeline,2,0:00:00
/blog/website-design-request-for-proposal-te,2,0:00:15
/blog/website-launch-next-steps,2,0:00:00
/blog/welcoming-two-new-nmc-team-members,2,0:00:44
/blog/what-i-learned-at-creative-south-2014,2,0:00:07
/blog/why-css-should-be-used-for-layout,2,0:00:58
/blog/writing-a-jquery-plugin,2,0:00:00
/blogresponsive-site-header,2,0:00:16
/categories/design?page=2,2,0:00:21
/categories/development?page=3,2,0:00:49
/categories/development?page=4,2,0:10:41
/categories/marketing?page=4,2,0:00:09
/categories/marketing?page=6,2,0:00:04
/cxzw/?p=797290,2,0:00:00
/home/markers,2,0:00:11
/jobs?page=62,2,0:00:11
/page/10-tips-for-writing-a-business-email,2,0:00:00
/page/advanced-medical-technologies-at-nc-state,2,0:00:00
/page/advising-corps,2,0:01:47
/page/ben-r-lujn,2,0:00:05
/page/content-management-software,2,0:00:03
/page/custom-design,2,0:00:03
/page/designing-for-the-mobile-web,2,0:00:00
/page/foster-friess,2,0:00:13
/page/highlighting-raleigh-with-a-jquery-microsite,2,0:00:00
/page/importance-of-well-designed-website,2,0:00:00
/page/insider-sports-marketing1,2,0:03:19
/page/larry-joe-doherty1,2,0:00:13
/page/lazy-development,2,0:00:20
/page/lucy-daniels-center,2,0:00:08
/page/new-media-and-the-future-of-television,2,0:00:00
/page/project-extra-mile1,2,0:00:00
/page/recess-framework,2,0:00:06
/page/seo-vs-ppc---which-provides-you-the-better-value?cache=off,2,0:00:00
/page/should-you-build-your-own-private-social-network,2,0:00:00
/page/the-8-minimum-requirements-for-seo-features-in-a-cms?cache=off,2,0:00:00
/page/the-long-lifespan-of-a-successful-blog-post,2,0:00:00
/page/three-tools-to-quickly-analyze-a-website-for-free,2,0:00:00
/page/twitter-for-business-the-basics,2,0:00:00
/page/ufcw-local-1500,2,0:00:00
/page/unc-admitted,2,0:00:58
/page/websites,2,0:00:09
/page/what-kind-of-airport-is-your-website,2,0:00:00
/page/why-we-love-open-source-software,2,0:00:00
/portfolio/ariana-kelly,2,0:00:15
/portfolio/career-partners-international,2,0:00:00
/portfolio/lamie-for-va-senate,2,0:00:00
/portfolio/national-center-for-learning-disabilities,2,0:00:33
/portfolio/roger-berliner,2,0:00:40
/shots/1614023-NMC-Services-Icons,2,0:01:36
/shots/1807605-Pacify-Homepage,2,0:00:00
/shots/1907888-Young-At-Heart-Website/attachments/326245,2,0:04:09
/shots/1998120-Stats-Sharing-Page/attachments/351085,2,0:00:00
/shots/1999968-Mandala-Logo-Mark,2,0:00:00
/shots/2051497-Data-Dashboard?list=searches&offset=10,2,0:00:00
/shots/2051497-Data-Dashboard?list=searches&tag=campaign&offset=197,2,0:00:05
/shots/2097697-Layout-UI-Kit?list=tags&tag=ui_kit,2,0:00:08
/shots/2097697-Layout-UI-Kit?list=users,2,0:00:05
/shots/2113853-Homepage-Concept?list=users&offset=0,2,0:00:08
/translate_c?depth=1&hl=es&prev=search&rurl=translate.google.com&sl=en&u=http://www.newmediacampaigns.com/blog/nicer-navigation-with-css-transitions&usg=ALkJrhiy3q-lSyFA-nc3ApODswVEncQLqA,2,0:01:57
/translate_c?depth=4&hl=pt-BR&prev=/search?q=Free+wordpress+Mobile+Website+Template+Samples&safe=active&sa=X&espv=210&es_sm=93&biw=1024&bih=643&rurl=translate.google.com&sl=en&u=http://www.newmediacampaigns.com/blog/nicer-navigation-with-css-transitions&usg=ALkJrhg5HzcF10CmZjBWZCJncaI67BsIyQ,2,0:01:31
/translate_c?depth=4&hl=pt-BR&prev=/search?q=Free+wordpress+Mobile+Website+Template+Samples&safe=active&sa=X&espv=210&es_sm=93&biw=1024&bih=643&rurl=translate.google.com&sl=en&u=http://www.newmediacampaigns.com/blog/nicer-navigation-with-css-transitions&usg=ALkJrhjy9XNXyK4cXoJqUa2lv5urtMYNVQ,2,0:15:19
/transpage?query=http://www.newmediacampaigns.com/page/nmcdropdown&from=en&to=zh&source=url,2,0:00:00
/web/20061205190439/http://www.newmediacampaigns.com/home/,2,0:00:02
/web/20090119053528/http://newmediacampaigns.com/page/the-hofmeister-kink-a-lasting-bmw-design-detail,2,0:00:01
/web/20100323230956/http://www.newmediacampaigns.com/,2,0:00:02
/web/20101128154202/http://www.newmediacampaigns.com/,2,0:00:00
/work/edmisten-webb-moore,2,0:00:00
/work/secu-family-house?sa=X&ved=0CC0Q9QEoADARahUKEwiqg9Cfp_nGAhXM6RQKHcI5BBA,2,0:02:40
/?d96a349c52fc4f68eea46a47ccb3d360=,1,0:00:00
/.git/,1,0:00:06
/10-reasons,1,0:00:00
/about?d96a349c52fc4f68eea46a47ccb3d360=,1,0:00:00
/about/alumni/eli-van-zoeren,1,0:00:00
/about/alumni/meghan-winterhalter,1,0:00:21
/about/alumni/tyler-pearson,1,0:00:00
/about/in-the-press/20-demos-showing-advanced-jquery-effects,1,0:00:00
/about/in-the-press/47-amazing-css3-animation-demos,1,0:00:00
/about/in-the-press/hifi-cms-website-featured-on-css-mania,1,0:00:00
/about/in-the-press/mother-earth-brewing-featured-on-css-beauty,1,0:00:23
/about/in-the-press/nmc-developer-s-slim-micro-framework-featured-in-php-application-prototyping-tutorial,1,0:00:00
/about/in-the-press/the-mystery-of-css-sprites-techniques-tools-and-tutorials,1,0:00:00
/about/in-the-press/vote-the-site---vote-for-your-favorite-political-website,1,0:00:00
/about/in-the-press/whos-using-jquery-templates,1,0:00:00
/about/news/new-media-campaigns-launches-raleigh-film-production-companys-website-,1,0:00:00
/about/news/nmc-announces-launch-of-website-for-ncdot-initiative,1,0:00:00
/about/news/nmc-builds-congressional-campaign-website-for-betty-sutton,1,0:05:01
/about/news/nmc-collaborates-with-three-ships-marketing-to-create-website,1,0:08:12
/about/news/nmc-designs-and-develops-ecommerce-site-on-magento,1,0:00:00
/about/news/nmc-designs-website-for-non-profit-ifc,1,0:00:01
/about/news/nmc-develops-b2b-healthcare-website-to-address-specific-needs,1,0:00:00
/about/news/nmc-generates-new-north-carolina-community-foundation-website,1,0:00:00
/about/news/nmc-launches-georgia-state-representative-campaign-website-for-ronnie-mabra,1,0:00:00
/about/news/nmc-launches-governors-campaign-website-design,1,0:00:22
/about/news/nmc-launches-harris-cloud-computing-microsite,1,0:00:00
/about/news/nmc-launches-new-website-design-for-california-non-profit,1,0:00:00
/about/news/nmc-launches-site-for-local-law-firm-batten-lee,1,0:00:08
/about/news/nmc-launches-website-for-estrogen-therapy-gel-estrogel,1,0:00:00
/about/news/nmc-launches-website-for-know-love,1,0:00:00
/about/news/nmc-launches-website-for-tar-heel-monthly,1,0:00:00
/about/news/nmc-partners-with-durham-ad-agency-to-launch-new-site,1,0:00:28
/about/news/ohio-candidate-turns-to-nmc-for-state-representative-website-design,1,0:02:43
/about/news/sports-marketing-company-launches-new-website,1,0:00:00
/about/team/kris-jordan/all,1,0:00:02
/b2b,1,0:00:06
/blog-drafts,1,0:00:00
/blog?page=22,1,0:00:27
/blog?page=23,1,0:01:01
/blog?page=24,1,0:00:02
/blog?page=25,1,0:00:15
/blog?page=26,1,0:00:09
/blog?page=27,1,0:00:23
/blog?page=28,1,0:02:22
/blog?page=29,1,0:00:25
/blog?page=30,1,0:00:24
/blog?page=31,1,0:00:16
/blog?page=32,1,0:00:38
/blog?page=33,1,0:00:28
/blog?page=34,1,0:00:24
/blog?page=35,1,0:00:19
/blog?page=36,1,0:00:20
/blog?page=37,1,0:00:18
/blog?page=38,1,0:00:18
/blog?page=39,1,0:00:26
/blog?page=40,1,0:00:27
/blog?page=41,1,0:00:24
/blog?page=42,1,0:00:20
/blog?page=43,1,0:00:26
/blog?page=44,1,0:00:17
/blog?page=45,1,0:03:39
/blog?page=46,1,0:00:20
/blog?page=47,1,0:00:26
/blog?page=48,1,0:00:11
/blog?page=49,1,0:00:17
/blog?page=50,1,0:00:18
/blog?page=51,1,0:00:19
/blog?page=52,1,0:00:31
/blog?page=53,1,0:00:20
/blog?page=54,1,0:00:27
/blog?page=55,1,0:00:18
/blog?page=56,1,0:00:18
/blog?page=57,1,0:00:23
/blog?page=58,1,0:01:25
/blog?page=59,1,0:00:21
/blog?page=60,1,0:02:12
/blog?page=61,1,0:00:15
/blog?page=62,1,0:00:31
/blog?page=63,1,0:00:00
/blog/<,1,0:02:08
/blog/10-common-mistakes,1,0:00:09
/blog/10-common-mistakes-non-profit-organizations-make-with-facebook-pages?cache=off,1,0:00:00
/blog/10-common-mistakes-political-campaigns-make-with-facebook-pages?sa=X&ved=0CAsQ9QEoADAAahUKEwjIj4HP_PLGAhXHXBQKHVx6CSc,1,0:00:00
/blog/10-common-mistakes-political-campaigns-make-with-facebook-pages?sa=X&ved=0CAsQ9QEoADAAahUKEwjo8aaR2PjGAhWDqh4KHbvmAPs,1,0:00:00
/blog/10-common-mistakes-political-campaigns-make-with-facebook-pages?sa=X&ved=0CAsQ9QEoADAAahUKEwjpvM-izfrGAhXDVxQKHdfxBNQ,1,0:00:00
/blog/10-common-mistakes-political-campaigns-make-with-facebook-pages?sa=X&ved=0CB0Q9QEwCGoVChMIiYSD_cb9xgIVzpmICh1TNw61,1,0:00:00
/blog/10-common-mistakes-political-campaigns-make-with-facebook-pages?sa=X&ved=0CBkQ9QEwCGoVChMI6cWhpO73xgIVjJGOCh3sygyd,1,0:00:00
/blog/10-common-mistakes-political-campaigns-make-with-facebook-pages?sa=X&ved=0CBUQ9QEwAGoVChMI-oKEm7TzxgIVyZnbCh0WpQaK,1,0:00:00
/blog/10-common-mistakes-political-campaigns-make-with-facebook-pages?sa=X&ved=0CBwQ9QEwA2oVChMIpZuekeD7xgIVpJ9yCh101ALQ,1,0:00:00
/blog/10-common-mistakes-political-campaigns-make-with-facebook-pages?sa=X&ved=0CBYQ9QEwAGoVChMI1MHTzJjwxgIVZSWmCh1z1wx7,1,0:00:00
/blog/10-common-mistakes-political-campaigns-make-with-facebook-pages?sa=X&ved=0CCkQ9QEwCGoVChMI4ejRxI2AxwIVzgWOCh1fVw--,1,0:00:00
/blog/10-common-mistakes-political-campaigns-make-with-facebook-pages?sa=X&ved=0CCoQ9QEwCWoVChMIgbGAvqqAxwIVQbYUCh1bmAUu,1,0:00:00
/blog/10-common-mistakes-political-campaigns-make-with-facebook-pages?sa=X&ved=0CCQQ9QEwCmoVChMI1quf8-_1xgIVB24UCh3GiQnG,1,0:00:00
/blog/10-common-mistakes-political-campaigns-make-with-facebook-pages?sa=X&ved=0CDIQ9QEwC2oVChMIxoHfoPzyxgIVAbAUCh1beADM,1,0:00:00
/blog/a-jquery-flickr-feed-plugin),1,0:00:30
/blog/add-text-to-an-image-with-php?cache=off,1,0:00:00
/blog/agency-reading-list,1,0:00:00
/blog/an-interview-with-the-founder-of-slim-php-framework-our-josh-lockhart?cache=off,1,0:00:00
/blog/better-with-age,1,0:00:00
/blog/blogging-for-seo-keyword-research?cache=off,1,0:01:29
/blog/blogging-for-seo-keyword-targeting?cache=off,1,0:00:00
/blog/blogging-for-seo-link-building,1,0:00:00
/blog/browser-rest-http-accept-headers:,1,0:00:12
/blog/browser-rest-http-accept-headers?wb48617274=5290DE2C,1,0:00:00
/blog/can-a-new-website-improve-your-google-content-quality-score?cache=off,1,0:00:00
/blog/creative-south-2013-applying-the-inspiration,1,0:01:39
/blog/docker + elk,1,0:00:00
/blog/examples-of-animation-in-web-design?cache=off,1,0:00:00
/blog/examples-of-animation-in-web-designhttp://docs.macaw.co/,1,0:00:00
/blog/focus-on-your-menu-for-tomorrow,1,0:00:00
/blog/functional-programming-talk,1,0:00:00
/blog/google-analytics-ab-split-test-tutorial?cache=off,1,0:00:00
/blog/inbound-links,1,0:00:00
/blog/interview-with-northstar-foundation,1,0:00:00
/blog/lazyytjs-a-jquery-plugin-to-lazy-load-youtube-videos?cache=off,1,0:06:15
/blog/linkedin-company-pages-recommendation-feature,1,0:07:10
/blog/marketing-agencies-and-web-design-firms?cache=off,1,0:00:00
/blog/new-media-campaigns-new-website,1,0:00:00
/blog/nice...,1,0:00:00
/blog/nicer-navigation-with-css-transitions-part-2?cache=off,1,0:00:00
/blog/nicer-navigation-with-css-transitions-part-2For,1,0:00:17
/blog/nmc-client-mark-herring-wins-closest-statewide-race-in-virginia-history,1,0:00:20
/blog/one-of-best-congressional-websites-in-2010,1,0:00:00
/blog/our-free-north-carolina-press-release-distribution-site-at-2-and-a-half-years-old?cache=off,1,0:00:00
/blog/quickly-embed-ngp-van-forms-on-campaign-websites,1,0:00:00
/blog/recapping-the-2014-nctech4good-conference,1,0:00:00
/blog/refactoring-react-components-to-es6-classes?cache=off,1,0:00:00
/blog/unveiling-our-new-case-study-format,1,0:00:19
/blog/web-design-development-trends-youll-see-in-2015?_sm_au_=iTjjVDL5Sq1H81tR,1,0:00:00
/blog/web-design-development-trends-youll-see-in-2016,1,0:04:15
/blog/were-hiring-front-end-developer-wanted,1,0:01:42
/blog/winning-2010-political-campaign-websites,1,0:00:00
/blog/writing-effective-meta-description,1,0:00:00
/blog/writing-effective-meta-descriptions?cache=off,1,0:00:00
/blog/writing-effective-meta-descriptionshttp://www.healthpoint.co.nz/public/palliative-care/auckland-dhb-palliative-care/,1,0:00:00
/c,1,0:00:04
/careers,1,0:00:05
/categories/development?page=10,1,0:00:00
/categories/development?page=11,1,0:00:15
/categories/development?page=5,1,0:00:08
/categories/development?page=6,1,0:03:31
/categories/development?page=7,1,0:00:00
/categories/development?page=8,1,0:00:03
/categories/development?page=9,1,0:02:57
/content-management-software,1,0:00:16
/eucerin_club,1,0:00:00
/files/posts/filterable/,1,0:00:00
/files/posts/filterable/filterable.html,1,0:00:06
/files/posts/jflickrfeed/example.html,1,0:00:00
/files/posts/jquery-calendar/demo/frontend,1,0:00:00
/home/churches,1,0:00:11
/home/photographs,1,0:00:09
/jobs?page=12,1,0:00:00
/jobs?page=56,1,0:00:00
/jobs?page=64,1,0:00:00
/jobs?page=65,1,0:04:09
/jobs?page=73,1,0:00:00
/jobs?page=78,1,0:00:02
/jobs?page=97,1,0:00:00
/mobile/,1,0:00:00
/nilo/,1,0:00:00
/nmc?page=2,1,0:00:00
/page/4-impressive-ways-people-have-used-twitter-to-help-their-cause,1,0:00:00
/page/5-ways-for-non-profit-websites-to-improve-search-engine-optimization,1,0:00:00
/page/analyzing-the-traffic-sources-of-a-successful-blog,1,0:00:00
/page/challenges-of-transitioning-from-traditional-to-interactive-agency,1,0:00:00
/page/charlotte-web-design,1,0:00:00
/page/dont-celebrate-early-internet-explorer-6-still-lives,1,0:00:00
/page/easy-ways-to-conduct-free-competitive-research-online,1,0:00:00
/page/example-of-landing-page-design-,1,0:00:00
/page/factors-in-pricing-website-design,1,0:00:00
/page/first-impressions-with-five-second-test,1,0:00:00
/page/friends-of-wake-county1,1,0:00:00
/page/front-end-developer-wanted,1,0:00:41
/page/geotargeting-a-raleigh-seo-campaign,1,0:00:00
/page/happikins,1,0:00:00
/page/how-to-create-a-blog-with-recess-framework-part2,1,0:00:03
/page/how-to-create-a-blog-with-recess-php-framework-part1,1,0:00:06
/page/how-to-create-a-blog-with-recess-php-framework-part2?sa=X&ved=0CDEQ9QEwDzgUahUKEwi7qqvD9PXGAhWCmJQKHbaCCAU,1,0:00:00
/page/important-strategies-online-political-advertising,1,0:00:00
/page/install-pear-phpunit-xdebug-on-macosx-snow-leopard?cache=off,1,0:00:00
/page/kansas-house-democrats,1,0:00:10
/page/more-than-doodles-how-notebooking-leads-to-great-ideas?sa=X&ved=0CBEQ9QEoADADahUKEwib2Man_vLGAhWBdh4KHc-tARc,1,0:00:00
/page/moving-your-script-tags-the-quickest-way-to-improve-site-performance,1,0:00:00
/page/nc-headlines-online-news-release,1,0:01:47
/page/new-website-launched-for-recess-php-framework,1,0:00:00
/page/nmcformhelper?ref=dzone,1,0:00:13
/page/obama-website-avoids-alienating-slow-connections-with-simple-css-technique,1,0:00:00
/page/pr-2020,1,0:06:47
/page/rejuvenate-medspa,1,0:00:09
/page/relaxing-the-database-with-couchdb,1,0:00:00
/page/review-of-microsoft-townhall-social-media-platform-for-politics,1,0:00:00
/page/selling-a-date-a-case-study-in-facebook-advertising,1,0:01:14
/page/services,1,0:00:00
/page/social-media-should-be-embraced-through-an-entire-organization,1,0:00:00
/page/stephanie-miner-for-mayor,1,0:00:00
/page/summer-orientation-a-little-schooling-for-the-company,1,0:00:00
/page/the-advantages-of-placing-content-in-different-channels,1,0:00:00
/page/the-hofmeister-kink-a-lasting-bmw-design-detail?sa=X&ved=0CBUQ9QEwAGoVChMItJuVqbH9xgIVBZCUCh3Nrgf0,1,0:00:00
/page/the-most-popular-content-on-political-websites-near-election-day,1,0:00:06
/page/the-success-of-our-microsite-marketing-strategy,1,0:00:00
/page/tools-to-build-better-websites,1,0:02:39
/page/tough-times-squeezing-your-marketing-budget-invest-online,1,0:00:00
/page/what-to-include-on-a-custom-404-page,1,0:00:00
/page/when-companies-dont-fear-customer-support-everybody-wins,1,0:01:59
/page/whites-lumber,1,0:00:00
/page/why-we-decided-to-split-our-blog-in-two,1,0:00:00
/page/writing-a-jquery-plugin,1,0:00:00
/people/ashley-kincaid,1,0:00:00
/portfolio/carvel-property-development,1,0:00:24
/portfolio/health-decisions,1,0:00:00
/portfolio/john-d-amico,1,0:00:00
/portfolio/keith-sutton-for-wake-county-school-board,1,0:00:00
/portfolio/lorena-garcia,1,0:00:00
/portfolio/marine-debris-solutions,1,0:00:00
/portfolio/otis-rolley,1,0:00:00
/portfolio/relaunched-site-for-unc-entrepreneurship-minor,1,0:00:00
/portfolio/true-north-groups,1,0:00:00
/portfolio/unc-geology-department,1,0:00:00
/pproxy/miniProxy.php/http://www.newmediacampaigns.com/page/install-pear-phpunit-xdebug-on-macosx-snow-leopard,1,0:00:00
/search?q=cache:BTUs1QWEnsUJ:www.newmediacampaigns.com/services/political-website-design+&cd=8&hl=en&ct=clnk&gl=us&client=firefox,1,0:00:00
/search?q=cache:Clm6JRl6fUwJ:www.newmediacampaigns.com/blog/switching-to-sketch-for-your-project+&cd=14&hl=ja&ct=clnk&gl=jp&client=safari,1,0:00:00
/search?q=cache:http://www.newmediacampaigns.com,1,0:00:00
/services-b/political-website-design,1,0:00:07
/services.html,1,0:00:05
/services/agency-partnership-program/thank-you-for-reaching-out,1,0:00:15
/services/agency7partnership7program$$,1,0:00:03
/services/content-management-system,1,0:00:00
/services/content-management-systems/wordpress-website-development,1,0:05:30
/services/features?page=18,1,0:00:00
/services/features?page=69,1,0:00:00
/services/features?page=81,1,0:02:06
/services/features?page=91,1,0:00:00
/services/features?page=94,1,0:00:00
/services/political-campaign-websites,1,0:00:00
/shots/1514524-Sometimes-dreams-do-come-true?list=searches&offset=163,1,0:00:00
/shots/1518505-Scott-Peters-for-Congress?list=searches&offset=292,1,0:00:07
/shots/1518505-Scott-Peters-for-Congress?list=searches&offset=300,1,0:00:00
/shots/1518505-Scott-Peters-for-Congress?list=searches&tag=elections,1,0:00:00
/shots/1518505-Scott-Peters-for-Congress?list=users&offset=66,1,0:00:00
/shots/1614023-NMC-Services-Icons?list=searches&tag=mobile_marketing,1,0:00:00
/shots/1773151-Running-Store-Homepage,1,0:00:02
/shots/1803731-The-Cutest-Homepage-You-ll-Ever-See?list=searches&tag=pet_website&offset=32,1,0:00:00
/shots/1803731-The-Cutest-Homepage-You-ll-Ever-See?list=users&offset=93,1,0:00:00
/shots/1903632-Fleet-Feet-Wireframe-v2?list=searches&tag=website_wireframe,1,0:00:00
/shots/1903632-Fleet-Feet-Wireframe-v2?list=users&offset=52,1,0:00:00
/shots/1906383-Fleet-Feet-Homepage-Mockup-v1?list=tags&tag=shoe&offset=332,1,0:00:00
/shots/1907888-Young-At-Heart-Website?list=searches&offset=129,1,0:00:00
/shots/1907888-Young-At-Heart-Website?list=searches&tag=non_profit&offset=247,1,0:00:00
/shots/1907888-Young-At-Heart-Website?list=searches&tag=pet_web&offset=26,1,0:00:03
/shots/1907888-Young-At-Heart-Website?list=searches&tag=pet_website,1,0:00:00
/shots/1910982-Jr-Designer?list=users,1,0:00:00
/shots/1910982-Jr-Designer?list=users&offset=37?list=users,1,0:00:00
/shots/1990353-Grid-Homepage-Feature?list=searches,1,0:00:00
/shots/1990353-Grid-Homepage-Feature?list=searches&offset=2,1,0:00:00
/shots/1990353-Grid-Homepage-Feature?list=searches&offset=21,1,0:00:00
/shots/1990353-Grid-Homepage-Feature?list=searches&offset=333,1,0:00:00
/shots/1990353-Grid-Homepage-Feature?list=searches&offset=334,1,0:00:00
/shots/1990353-Grid-Homepage-Feature?list=searches&offset=487,1,0:00:00
/shots/1990353-Grid-Homepage-Feature?list=searches&tag=consulting&offset=155,1,0:00:00
/shots/1990353-Grid-Homepage-Feature?list=users&offset=11,1,0:00:00
/shots/1990353-Grid-Homepage-Feature?list=users&offset=35,1,0:00:01
/shots/1998120-Stats-Sharing-Page?list=searches&offset=27,1,0:00:00
/shots/1998120-Stats-Sharing-Page?list=searches&tag=ranking,1,0:00:00
/shots/2051497-Data-Dashboard?list=searches&offset=316,1,0:00:00
/shots/2097697-Layout-UI-Kit?list=searches&offset=111,1,0:00:00
/shots/2097697-Layout-UI-Kit?list=searches&offset=294,1,0:00:00
/shots/2097697-Layout-UI-Kit/attachments/378621,1,0:18:47
/shots/2102733-Pinwheel?list=suggestions,1,0:00:00
/shots/2102733-Pinwheel?list=users,1,0:00:00
/shots/2113853-Homepage-Concept?list=searches&tag=political,1,0:00:00
/shots/2113853-Homepage-Concept?list=searches&tag=political&offset=341,1,0:05:30
/shots/2113853-Homepage-Concept?list=users,1,0:00:09
/shots/2161186-Front-End-Developer?list=searches&tag=hiring,1,0:00:00
/support/email/enable-new-media-campaigns-email-in-microsoft-outlook,1,0:00:00
/support/forms/building-a-form,1,0:00:00
/translate_c?depth=1&hl=de&prev=search&rurl=translate.google.de&sl=en&u=http://www.newmediacampaigns.com/page/create-a-jquery-calendar-with-ajax-php-and-a-remote-data-source&usg=ALkJrhhwzelRW75n5gKqUxBXkCB2ypfrWA,1,0:00:00
/translate_c?depth=1&hl=en&ie=UTF8&langpair=auto|bg&rurl=translate.google.com&tbb=1&u=http://www.newmediacampaigns.com/blog/html-forms-the-right-ways&usg=ALkJrhjJyp1RaDA6JRpDyRrP922gD4OKQQ,1,0:00:00
/translate_c?depth=1&hl=en&rurl=translate.google.com&tl=pl&u=http://www.newmediacampaigns.com/blog/a-jquery-flickr-feed-plugin&usg=ALkJrhiul1nfGrAGVbTIzumpXyvMN-1qiw,1,0:00:00
/translate_c?depth=1&hl=es&prev=search&rurl=translate.google.cl&sl=en&u=http://www.newmediacampaigns.com/blog/website-design-request-for-proposal-template-tips&usg=ALkJrhg9KPKzL_hpy7BRPfRdfBSiqQP_RA,1,0:00:00
/translate_c?depth=1&hl=es&prev=search&rurl=translate.google.com.mx&sl=en&u=http://www.newmediacampaigns.com/blog/browser-rest-http-accept-headers&usg=ALkJrhgHbVz9oBG6j6ppbFybxCkUQp4JvQ,1,0:00:00
/translate_c?depth=1&hl=es&prev=search&rurl=translate.google.com&sl=en&u=http://www.newmediacampaigns.com/blog/browser-rest-http-accept-headers&usg=ALkJrhjJIVz1imJAY6yGGXRduk8f7rc_Gg,1,0:00:00
/translate_c?depth=1&hl=fi&prev=search&rurl=translate.google.fi&sl=en&u=http://www.newmediacampaigns.com/blog/nicer-navigation-with-css-transitions-part-2&usg=ALkJrhi3TuSwhq6g3NhL3cKiK-XuVeLgVA,1,0:00:00
/translate_c?depth=1&hl=fr&prev=search&rurl=translate.google.fr&sl=en&u=http://www.newmediacampaigns.com/blog/Automatic-file-minification-on-nginx&usg=ALkJrhgMi_PB_64m6AjHL1Wy9jlFv3yiaQ,1,0:00:00
/translate_c?depth=1&hl=fr&prev=search&rurl=translate.google.fr&sl=en&u=http://www.newmediacampaigns.com/blog/building-an-indeed-job-search-page-on-your-site&usg=ALkJrhgKj6dTxY6riLTB4HR1rBFHSofrkA,1,0:00:00
/translate_c?depth=1&hl=pl&prev=search&rurl=translate.google.pl&sl=en&u=http://www.newmediacampaigns.com/page/install-pear-phpunit-xdebug-on-macosx-snow-leopard&usg=ALkJrhgPBf-ZAYVYAxmclLJRAikeUNO3FA,1,0:00:00
/translate_c?depth=1&hl=pt-BR&prev=search&rurl=translate.google.com.br&sl=en&u=http://www.newmediacampaigns.com/blog/a-jquery-flickr-feed-plugin&usg=ALkJrhjWWcEfq9TqoMhyTP-R5Cttx9JvQw,1,0:00:00
/translate_c?depth=1&hl=ru&prev=search&rurl=translate.google.by&sl=en&u=http://www.newmediacampaigns.com/blog/gmail-customization-tips&usg=ALkJrhjHckoPHO4LJuXlGtyf5SKFhiERtQ,1,0:00:00
/translate_c?depth=1&hl=zh-CN&prev=search&rurl=translate.google.com.hk&sl=en&u=http://www.newmediacampaigns.com/blog/edit-the-default-artboard-presets-in-sketch-3&usg=ALkJrhgCTuksotBMMuFHGfLAjjCUzFX25g,1,0:00:00
/translate_c?depth=1&hl=zh-TW&prev=search&rurl=translate.google.com.tw&sl=en&u=http://www.newmediacampaigns.com/blog/examples-of-great-non-profit-web-design&usg=ALkJrhggb3uzcNZEshTNsFH-KMbvdDSOiQ,1,0:00:00
/url/www.newmediacampaigns.com/page/install-pear-phpunit-xdebug-on-macosx-snow-leopard,1,0:00:00
/work?d96a349c52fc4f68eea46a47ccb3d360=,1,0:00:31
/work.html,1,0:00:07
/work.phpasad,1,0:00:00
/work/doctors-for-america,1,0:00:46
/work/leticia-van-de-putte-for-mayo,1,0:00:00
/work/ncsu-ies,1,0:00:00
/work/north-carolinas-southeast,1,0:01:40
/work/strategic-decisions-group,1,0:00:00
/work/uaw-gimme5,1,0:16:06
/wp-admin,1,0:00:13
/wp-login,1,0:00:00